{
  "base_model": {
    "all_300": {
      "em": 16.333333333333332,
      "f1": 31.311106022049636
    }
  }
}