{
  "v3_5var": {
    "final": {
      "first_60": {
        "em": 35.0,
        "f1": 46.50841974216588
      },
      "rest_240": {
        "em": 17.5,
        "f1": 29.730159847032915
      },
      "all_300": {
        "em": 21.0,
        "f1": 33.00187816343256
      }
    }
  }
}